,Account,Compound,Created Date,Negative,Neutral,Positive,Tweet Text,Tweets Ago
0,@CG_Solo,0.0,Sun Mar 25 22:27:08 +0000 2018,0.0,1.0,0.0,New banner this year!,1
1,@CG_Solo,0.2023,Thu Mar 15 04:58:33 +0000 2018,0.0,0.795,0.205,RT @Drake: playing fort nite with @ninja  https://t.co/OSFbgcfzaZ,2
2,@CG_Solo,0.0,Sat Mar 10 23:32:43 +0000 2018,0.0,1.0,0.0,"RT @FionnOnFire: Another one 

@ClutchGaming is on a hot streak heading into the playoffs 

@CG_Solo has a shout out for the @HoustonRocket…",3
3,@CG_Solo,-0.2942,Wed Feb 28 22:40:49 +0000 2018,0.196,0.804,0.0,RT @ClutchGaming: The squad stopped by @HoustonRockets practice today! https://t.co/yqbsoCX17i,4
4,@CG_Solo,0.7717,Wed Dec 06 04:12:37 +0000 2017,0.0,0.7,0.3,"RT @DontMashMe: Currently a free agent AD with over 4 years LCS and Challenger league experience. 

Looking to continue to improve and fost…",5
5,@CG_Solo,0.5859,Mon Nov 06 02:58:55 +0000 2017,0.0,0.833,0.167,RT @BonQuishLoL: Had an amazing experience with all of @GoldCoinUnited. Currently exploring all options for LCS coaching roles. RTs appreci…,6
6,@CG_Solo,0.5106,Fri Nov 03 00:59:25 +0000 2017,0.0,0.752,0.248,RT @LOD430: I'm now a free agent &amp; exploring offers for 2018,7
7,@CG_Solo,0.0,Wed Nov 01 21:22:13 +0000 2017,0.0,1.0,0.0,RT @IMTRobertYip: IMT contract expired. Currently open to head coach/sport psychology offers for LOL/OW for 2018.  robert.yip.wit@gmail.com…,8
8,@CG_Solo,0.4588,Sun Oct 08 18:56:31 +0000 2017,0.0,0.7,0.3,"RT @Senpai_Des: We are too cute 
#squadgoals https://t.co/ecLCpiQYUL",9
9,@CG_Solo,0.9115,Mon Oct 02 05:12:32 +0000 2017,0.0,0.575,0.425,"Officially a free agent! Thank you to my teammates and the staff of @GoldCoinUnited for two championship splits!
RTs appreciated DMs open",10
10,@CG_Solo,0.5562,Sun Oct 01 20:58:57 +0000 2017,0.0,0.807,0.193,"RT @SantorinLoL: I am officially a free agent! 
NA residency with 4 years comp. experience
Contact: Lucastaokilmerlarsen@gmail.com 
Rts gre…",11
11,@CG_Solo,0.8805,Sun Oct 01 20:58:27 +0000 2017,0.0,0.651,0.349,"RT @Rikaralol: Free agent!
Thank you to @GoldCoinUnited for the great experience this past year
Dm or email at rikaralol31@gmail.com
RT's a…",12
12,@CG_Solo,0.0,Wed Sep 13 21:50:37 +0000 2017,0.0,1.0,0.0,Daddy took me to work https://t.co/HaxbS8Ih10,13
13,@CG_Solo,0.0,Mon Sep 11 20:59:08 +0000 2017,0.0,1.0,0.0,@eyebrowmom @Rikaralol,14
14,@CG_Solo,-0.3612,Mon Sep 11 04:29:31 +0000 2017,0.455,0.545,0.0,lets make some mistakes,15
15,@CG_Solo,0.0,Sun Sep 10 03:06:52 +0000 2017,0.0,1.0,0.0,RT @lizzymok: @JacobKuhn @GoldCoinUnited @Rikaralol @GCUSolo @GCUWhyin Another one from the archives ? https://t.co/coRUFaj6Q2,16
16,@CG_Solo,0.0,Sat Sep 09 04:11:59 +0000 2017,0.0,1.0,0.0,im gone...,17
17,@CG_Solo,-0.5859,Mon Sep 04 03:52:45 +0000 2017,0.432,0.568,0.0,Thorin is still goin in wtf,18
18,@CG_Solo,0.8016,Sun Sep 03 05:24:05 +0000 2017,0.0,0.357,0.643,So lucky to have a great family,19
19,@CG_Solo,-0.1531,Fri Sep 01 06:57:51 +0000 2017,0.444,0.556,0.0,I miss seeing stars,20
20,@CG_Solo,0.0,Sun Mar 25 22:27:08 +0000 2018,0.0,1.0,0.0,New banner this year!,21
21,@CG_Solo,0.2023,Thu Mar 15 04:58:33 +0000 2018,0.0,0.795,0.205,RT @Drake: playing fort nite with @ninja  https://t.co/OSFbgcfzaZ,22
22,@CG_Solo,0.0,Sat Mar 10 23:32:43 +0000 2018,0.0,1.0,0.0,"RT @FionnOnFire: Another one 

@ClutchGaming is on a hot streak heading into the playoffs 

@CG_Solo has a shout out for the @HoustonRocket…",23
23,@CG_Solo,-0.2942,Wed Feb 28 22:40:49 +0000 2018,0.196,0.804,0.0,RT @ClutchGaming: The squad stopped by @HoustonRockets practice today! https://t.co/yqbsoCX17i,24
24,@CG_Solo,0.7717,Wed Dec 06 04:12:37 +0000 2017,0.0,0.7,0.3,"RT @DontMashMe: Currently a free agent AD with over 4 years LCS and Challenger league experience. 

Looking to continue to improve and fost…",25
25,@CG_Solo,0.5859,Mon Nov 06 02:58:55 +0000 2017,0.0,0.833,0.167,RT @BonQuishLoL: Had an amazing experience with all of @GoldCoinUnited. Currently exploring all options for LCS coaching roles. RTs appreci…,26
26,@CG_Solo,0.5106,Fri Nov 03 00:59:25 +0000 2017,0.0,0.752,0.248,RT @LOD430: I'm now a free agent &amp; exploring offers for 2018,27
27,@CG_Solo,0.0,Wed Nov 01 21:22:13 +0000 2017,0.0,1.0,0.0,RT @IMTRobertYip: IMT contract expired. Currently open to head coach/sport psychology offers for LOL/OW for 2018.  robert.yip.wit@gmail.com…,28
28,@CG_Solo,0.4588,Sun Oct 08 18:56:31 +0000 2017,0.0,0.7,0.3,"RT @Senpai_Des: We are too cute 
#squadgoals https://t.co/ecLCpiQYUL",29
29,@CG_Solo,0.9115,Mon Oct 02 05:12:32 +0000 2017,0.0,0.575,0.425,"Officially a free agent! Thank you to my teammates and the staff of @GoldCoinUnited for two championship splits!
RTs appreciated DMs open",30
30,@CG_Solo,0.5562,Sun Oct 01 20:58:57 +0000 2017,0.0,0.807,0.193,"RT @SantorinLoL: I am officially a free agent! 
NA residency with 4 years comp. experience
Contact: Lucastaokilmerlarsen@gmail.com 
Rts gre…",31
31,@CG_Solo,0.8805,Sun Oct 01 20:58:27 +0000 2017,0.0,0.651,0.349,"RT @Rikaralol: Free agent!
Thank you to @GoldCoinUnited for the great experience this past year
Dm or email at rikaralol31@gmail.com
RT's a…",32
32,@CG_Solo,0.0,Wed Sep 13 21:50:37 +0000 2017,0.0,1.0,0.0,Daddy took me to work https://t.co/HaxbS8Ih10,33
33,@CG_Solo,0.0,Mon Sep 11 20:59:08 +0000 2017,0.0,1.0,0.0,@eyebrowmom @Rikaralol,34
34,@CG_Solo,-0.3612,Mon Sep 11 04:29:31 +0000 2017,0.455,0.545,0.0,lets make some mistakes,35
35,@CG_Solo,0.0,Sun Sep 10 03:06:52 +0000 2017,0.0,1.0,0.0,RT @lizzymok: @JacobKuhn @GoldCoinUnited @Rikaralol @GCUSolo @GCUWhyin Another one from the archives ? https://t.co/coRUFaj6Q2,36
36,@CG_Solo,0.0,Sat Sep 09 04:11:59 +0000 2017,0.0,1.0,0.0,im gone...,37
37,@CG_Solo,-0.5859,Mon Sep 04 03:52:45 +0000 2017,0.432,0.568,0.0,Thorin is still goin in wtf,38
38,@CG_Solo,0.8016,Sun Sep 03 05:24:05 +0000 2017,0.0,0.357,0.643,So lucky to have a great family,39
39,@CG_Solo,-0.1531,Fri Sep 01 06:57:51 +0000 2017,0.444,0.556,0.0,I miss seeing stars,40
40,@CG_Solo,0.0,Sun Mar 25 22:27:08 +0000 2018,0.0,1.0,0.0,New banner this year!,41
41,@CG_Solo,0.2023,Thu Mar 15 04:58:33 +0000 2018,0.0,0.795,0.205,RT @Drake: playing fort nite with @ninja  https://t.co/OSFbgcfzaZ,42
42,@CG_Solo,0.0,Sat Mar 10 23:32:43 +0000 2018,0.0,1.0,0.0,"RT @FionnOnFire: Another one 

@ClutchGaming is on a hot streak heading into the playoffs 

@CG_Solo has a shout out for the @HoustonRocket…",43
43,@CG_Solo,-0.2942,Wed Feb 28 22:40:49 +0000 2018,0.196,0.804,0.0,RT @ClutchGaming: The squad stopped by @HoustonRockets practice today! https://t.co/yqbsoCX17i,44
44,@CG_Solo,0.7717,Wed Dec 06 04:12:37 +0000 2017,0.0,0.7,0.3,"RT @DontMashMe: Currently a free agent AD with over 4 years LCS and Challenger league experience. 

Looking to continue to improve and fost…",45
45,@CG_Solo,0.5859,Mon Nov 06 02:58:55 +0000 2017,0.0,0.833,0.167,RT @BonQuishLoL: Had an amazing experience with all of @GoldCoinUnited. Currently exploring all options for LCS coaching roles. RTs appreci…,46
46,@CG_Solo,0.5106,Fri Nov 03 00:59:25 +0000 2017,0.0,0.752,0.248,RT @LOD430: I'm now a free agent &amp; exploring offers for 2018,47
47,@CG_Solo,0.0,Wed Nov 01 21:22:13 +0000 2017,0.0,1.0,0.0,RT @IMTRobertYip: IMT contract expired. Currently open to head coach/sport psychology offers for LOL/OW for 2018.  robert.yip.wit@gmail.com…,48
48,@CG_Solo,0.4588,Sun Oct 08 18:56:31 +0000 2017,0.0,0.7,0.3,"RT @Senpai_Des: We are too cute 
#squadgoals https://t.co/ecLCpiQYUL",49
49,@CG_Solo,0.9115,Mon Oct 02 05:12:32 +0000 2017,0.0,0.575,0.425,"Officially a free agent! Thank you to my teammates and the staff of @GoldCoinUnited for two championship splits!
RTs appreciated DMs open",50
50,@CG_Solo,0.5562,Sun Oct 01 20:58:57 +0000 2017,0.0,0.807,0.193,"RT @SantorinLoL: I am officially a free agent! 
NA residency with 4 years comp. experience
Contact: Lucastaokilmerlarsen@gmail.com 
Rts gre…",51
51,@CG_Solo,0.8805,Sun Oct 01 20:58:27 +0000 2017,0.0,0.651,0.349,"RT @Rikaralol: Free agent!
Thank you to @GoldCoinUnited for the great experience this past year
Dm or email at rikaralol31@gmail.com
RT's a…",52
52,@CG_Solo,0.0,Wed Sep 13 21:50:37 +0000 2017,0.0,1.0,0.0,Daddy took me to work https://t.co/HaxbS8Ih10,53
53,@CG_Solo,0.0,Mon Sep 11 20:59:08 +0000 2017,0.0,1.0,0.0,@eyebrowmom @Rikaralol,54
54,@CG_Solo,-0.3612,Mon Sep 11 04:29:31 +0000 2017,0.455,0.545,0.0,lets make some mistakes,55
55,@CG_Solo,0.0,Sun Sep 10 03:06:52 +0000 2017,0.0,1.0,0.0,RT @lizzymok: @JacobKuhn @GoldCoinUnited @Rikaralol @GCUSolo @GCUWhyin Another one from the archives ? https://t.co/coRUFaj6Q2,56
56,@CG_Solo,0.0,Sat Sep 09 04:11:59 +0000 2017,0.0,1.0,0.0,im gone...,57
57,@CG_Solo,-0.5859,Mon Sep 04 03:52:45 +0000 2017,0.432,0.568,0.0,Thorin is still goin in wtf,58
58,@CG_Solo,0.8016,Sun Sep 03 05:24:05 +0000 2017,0.0,0.357,0.643,So lucky to have a great family,59
59,@CG_Solo,-0.1531,Fri Sep 01 06:57:51 +0000 2017,0.444,0.556,0.0,I miss seeing stars,60
60,@CG_Solo,0.0,Sun Mar 25 22:27:08 +0000 2018,0.0,1.0,0.0,New banner this year!,61
61,@CG_Solo,0.2023,Thu Mar 15 04:58:33 +0000 2018,0.0,0.795,0.205,RT @Drake: playing fort nite with @ninja  https://t.co/OSFbgcfzaZ,62
62,@CG_Solo,0.0,Sat Mar 10 23:32:43 +0000 2018,0.0,1.0,0.0,"RT @FionnOnFire: Another one 

@ClutchGaming is on a hot streak heading into the playoffs 

@CG_Solo has a shout out for the @HoustonRocket…",63
63,@CG_Solo,-0.2942,Wed Feb 28 22:40:49 +0000 2018,0.196,0.804,0.0,RT @ClutchGaming: The squad stopped by @HoustonRockets practice today! https://t.co/yqbsoCX17i,64
64,@CG_Solo,0.7717,Wed Dec 06 04:12:37 +0000 2017,0.0,0.7,0.3,"RT @DontMashMe: Currently a free agent AD with over 4 years LCS and Challenger league experience. 

Looking to continue to improve and fost…",65
65,@CG_Solo,0.5859,Mon Nov 06 02:58:55 +0000 2017,0.0,0.833,0.167,RT @BonQuishLoL: Had an amazing experience with all of @GoldCoinUnited. Currently exploring all options for LCS coaching roles. RTs appreci…,66
66,@CG_Solo,0.5106,Fri Nov 03 00:59:25 +0000 2017,0.0,0.752,0.248,RT @LOD430: I'm now a free agent &amp; exploring offers for 2018,67
67,@CG_Solo,0.0,Wed Nov 01 21:22:13 +0000 2017,0.0,1.0,0.0,RT @IMTRobertYip: IMT contract expired. Currently open to head coach/sport psychology offers for LOL/OW for 2018.  robert.yip.wit@gmail.com…,68
68,@CG_Solo,0.4588,Sun Oct 08 18:56:31 +0000 2017,0.0,0.7,0.3,"RT @Senpai_Des: We are too cute 
#squadgoals https://t.co/ecLCpiQYUL",69
69,@CG_Solo,0.9115,Mon Oct 02 05:12:32 +0000 2017,0.0,0.575,0.425,"Officially a free agent! Thank you to my teammates and the staff of @GoldCoinUnited for two championship splits!
RTs appreciated DMs open",70
70,@CG_Solo,0.5562,Sun Oct 01 20:58:57 +0000 2017,0.0,0.807,0.193,"RT @SantorinLoL: I am officially a free agent! 
NA residency with 4 years comp. experience
Contact: Lucastaokilmerlarsen@gmail.com 
Rts gre…",71
71,@CG_Solo,0.8805,Sun Oct 01 20:58:27 +0000 2017,0.0,0.651,0.349,"RT @Rikaralol: Free agent!
Thank you to @GoldCoinUnited for the great experience this past year
Dm or email at rikaralol31@gmail.com
RT's a…",72
72,@CG_Solo,0.0,Wed Sep 13 21:50:37 +0000 2017,0.0,1.0,0.0,Daddy took me to work https://t.co/HaxbS8Ih10,73
73,@CG_Solo,0.0,Mon Sep 11 20:59:08 +0000 2017,0.0,1.0,0.0,@eyebrowmom @Rikaralol,74
74,@CG_Solo,-0.3612,Mon Sep 11 04:29:31 +0000 2017,0.455,0.545,0.0,lets make some mistakes,75
75,@CG_Solo,0.0,Sun Sep 10 03:06:52 +0000 2017,0.0,1.0,0.0,RT @lizzymok: @JacobKuhn @GoldCoinUnited @Rikaralol @GCUSolo @GCUWhyin Another one from the archives ? https://t.co/coRUFaj6Q2,76
76,@CG_Solo,0.0,Sat Sep 09 04:11:59 +0000 2017,0.0,1.0,0.0,im gone...,77
77,@CG_Solo,-0.5859,Mon Sep 04 03:52:45 +0000 2017,0.432,0.568,0.0,Thorin is still goin in wtf,78
78,@CG_Solo,0.8016,Sun Sep 03 05:24:05 +0000 2017,0.0,0.357,0.643,So lucky to have a great family,79
79,@CG_Solo,-0.1531,Fri Sep 01 06:57:51 +0000 2017,0.444,0.556,0.0,I miss seeing stars,80
80,@CG_Solo,0.0,Sun Mar 25 22:27:08 +0000 2018,0.0,1.0,0.0,New banner this year!,81
81,@CG_Solo,0.2023,Thu Mar 15 04:58:33 +0000 2018,0.0,0.795,0.205,RT @Drake: playing fort nite with @ninja  https://t.co/OSFbgcfzaZ,82
82,@CG_Solo,0.0,Sat Mar 10 23:32:43 +0000 2018,0.0,1.0,0.0,"RT @FionnOnFire: Another one 

@ClutchGaming is on a hot streak heading into the playoffs 

@CG_Solo has a shout out for the @HoustonRocket…",83
83,@CG_Solo,-0.2942,Wed Feb 28 22:40:49 +0000 2018,0.196,0.804,0.0,RT @ClutchGaming: The squad stopped by @HoustonRockets practice today! https://t.co/yqbsoCX17i,84
84,@CG_Solo,0.7717,Wed Dec 06 04:12:37 +0000 2017,0.0,0.7,0.3,"RT @DontMashMe: Currently a free agent AD with over 4 years LCS and Challenger league experience. 

Looking to continue to improve and fost…",85
85,@CG_Solo,0.5859,Mon Nov 06 02:58:55 +0000 2017,0.0,0.833,0.167,RT @BonQuishLoL: Had an amazing experience with all of @GoldCoinUnited. Currently exploring all options for LCS coaching roles. RTs appreci…,86
86,@CG_Solo,0.5106,Fri Nov 03 00:59:25 +0000 2017,0.0,0.752,0.248,RT @LOD430: I'm now a free agent &amp; exploring offers for 2018,87
87,@CG_Solo,0.0,Wed Nov 01 21:22:13 +0000 2017,0.0,1.0,0.0,RT @IMTRobertYip: IMT contract expired. Currently open to head coach/sport psychology offers for LOL/OW for 2018.  robert.yip.wit@gmail.com…,88
88,@CG_Solo,0.4588,Sun Oct 08 18:56:31 +0000 2017,0.0,0.7,0.3,"RT @Senpai_Des: We are too cute 
#squadgoals https://t.co/ecLCpiQYUL",89
89,@CG_Solo,0.9115,Mon Oct 02 05:12:32 +0000 2017,0.0,0.575,0.425,"Officially a free agent! Thank you to my teammates and the staff of @GoldCoinUnited for two championship splits!
RTs appreciated DMs open",90
90,@CG_Solo,0.5562,Sun Oct 01 20:58:57 +0000 2017,0.0,0.807,0.193,"RT @SantorinLoL: I am officially a free agent! 
NA residency with 4 years comp. experience
Contact: Lucastaokilmerlarsen@gmail.com 
Rts gre…",91
91,@CG_Solo,0.8805,Sun Oct 01 20:58:27 +0000 2017,0.0,0.651,0.349,"RT @Rikaralol: Free agent!
Thank you to @GoldCoinUnited for the great experience this past year
Dm or email at rikaralol31@gmail.com
RT's a…",92
92,@CG_Solo,0.0,Wed Sep 13 21:50:37 +0000 2017,0.0,1.0,0.0,Daddy took me to work https://t.co/HaxbS8Ih10,93
93,@CG_Solo,0.0,Mon Sep 11 20:59:08 +0000 2017,0.0,1.0,0.0,@eyebrowmom @Rikaralol,94
94,@CG_Solo,-0.3612,Mon Sep 11 04:29:31 +0000 2017,0.455,0.545,0.0,lets make some mistakes,95
95,@CG_Solo,0.0,Sun Sep 10 03:06:52 +0000 2017,0.0,1.0,0.0,RT @lizzymok: @JacobKuhn @GoldCoinUnited @Rikaralol @GCUSolo @GCUWhyin Another one from the archives ? https://t.co/coRUFaj6Q2,96
96,@CG_Solo,0.0,Sat Sep 09 04:11:59 +0000 2017,0.0,1.0,0.0,im gone...,97
97,@CG_Solo,-0.5859,Mon Sep 04 03:52:45 +0000 2017,0.432,0.568,0.0,Thorin is still goin in wtf,98
98,@CG_Solo,0.8016,Sun Sep 03 05:24:05 +0000 2017,0.0,0.357,0.643,So lucky to have a great family,99
99,@CG_Solo,-0.1531,Fri Sep 01 06:57:51 +0000 2017,0.444,0.556,0.0,I miss seeing stars,100
100,@LirA_CG,-0.6428,Mon Apr 02 00:42:49 +0000 2018,0.221,0.699,0.08,Haa if we win today We were going to final match which I never been on final match before but sadly we lost today.… https://t.co/9nJqH8x2VX,101
101,@LirA_CG,0.5229,Mon Mar 26 01:19:52 +0000 2018,0.0,0.703,0.297,"In closing, thank you CG org, fans, and family!!!",102
102,@LirA_CG,0.5559,Mon Mar 26 01:19:38 +0000 2018,0.085,0.645,0.27,"First and foremost, I want to thank all of the fans and supporters of @ClutchGaming Although I don't feel like I pl… https://t.co/6SZWqROsTQ",103
103,@LirA_CG,0.0,Sun Mar 25 23:31:05 +0000 2018,0.0,1.0,0.0,@Nisqylol @CG_Apollo @CG_Hakuho Yeahhhhh,104
104,@LirA_CG,-0.1531,Sun Mar 25 23:30:38 +0000 2018,0.151,0.849,0.0,@DylanFalcoLoL @liaskitty @CG_Apollo @CG_Hakuho @CG_Pyrex @DLimLoL @CG_Febiven @CG_Solo I miss dylan,105
105,@LirA_CG,0.0,Wed Mar 07 08:07:10 +0000 2018,0.0,1.0,0.0,"week 8 and week 9 
2 more weeks left!! let's go get that W !!
#CGWIN @ClutchGaming https://t.co/fxcs3aaU0P",106
106,@LirA_CG,0.0,Sun Feb 25 07:58:38 +0000 2018,0.0,1.0,0.0,Let's go!! https://t.co/OtpxzyvcaW,107
107,@LirA_CG,0.6671,Sun Feb 18 03:50:21 +0000 2018,0.0,0.61,0.39,"half way!! let's finish strong !!! gg's  
#CGWIN",108
108,@LirA_CG,0.6239,Sun Feb 18 03:48:38 +0000 2018,0.0,0.823,0.177,RT @lolesports: .@ClutchGaming pick up the win against @FlyQuestSports and are now 5-4 halfway through the Split! #CGWIN #NALCS https://t.c…,109
109,@LirA_CG,0.4349,Sun Feb 18 03:48:33 +0000 2018,0.0,0.874,0.126,"RT @lolesports: The #NALCS standings halfway through Spring Split!

Tomorrow's broadcast kicks off 2 hours earlier, so make sure to tune in…",110
110,@LirA_CG,0.2695,Sun Feb 18 03:48:24 +0000 2018,0.0,0.828,0.172,RT @CG_Pyrex: ^^ very ki mo chi feeling !! #CGWIN https://t.co/lxD6CZehOB,111
111,@LirA_CG,0.9296,Fri Feb 16 08:09:18 +0000 2018,0.0,0.337,0.663,"Happy New Years everyone !! :) 
good luck this year!! https://t.co/kUJgRmrRxV",112
112,@LirA_CG,0.6996,Fri Feb 16 08:08:36 +0000 2018,0.0,0.721,0.279,"RT @ClutchGaming: Tag 4 friends who you will play @lolesports with this weekend! 

Here’s our squad? #CGWIN https://t.co/NyJG0ZQAH0",113
113,@LirA_CG,0.0,Mon Feb 12 06:51:59 +0000 2018,0.0,1.0,0.0,let's go!! week 5!! #CGWIN gg's!!,114
114,@LirA_CG,0.4588,Mon Feb 12 06:51:16 +0000 2018,0.0,0.625,0.375,RT @CG_Pyrex: #CGWIN 2-0 :) ??????,115
115,@LirA_CG,0.0,Wed Jan 17 20:51:21 +0000 2018,0.0,1.0,0.0,@Eidelweiss @lolesports ???? ~~ ^^,116
116,@LirA_CG,0.7482,Wed Jan 17 20:50:45 +0000 2018,0.0,0.796,0.204,"How are you guys? finally, it's spring!!  not too cold or hot 
best weather I think !!! 1st match starting this wee… https://t.co/UCVn8sEGfl",117
117,@LirA_CG,0.0,Wed Jan 17 20:48:25 +0000 2018,0.0,1.0,0.0,&lt;3 https://t.co/4LsHYSUxV0,118
118,@LirA_CG,0.5423,Thu Jan 11 05:46:52 +0000 2018,0.0,0.769,0.231,"RT @lolesports: 2018 #NALCS Spring Split - @ClutchGaming 

Top: @CG_Solo 
Jungle: @LirA_CG 
Mid: @CG_Febiven 
ADC: @CG_Apollo 
Support: @CG…",119
119,@LirA_CG,0.0,Sat Jan 06 23:11:35 +0000 2018,0.0,1.0,0.0,one thing .. i can`t meet more faker,120
120,@LirA_CG,-0.6428,Mon Apr 02 00:42:49 +0000 2018,0.221,0.699,0.08,Haa if we win today We were going to final match which I never been on final match before but sadly we lost today.… https://t.co/9nJqH8x2VX,121
121,@LirA_CG,0.5229,Mon Mar 26 01:19:52 +0000 2018,0.0,0.703,0.297,"In closing, thank you CG org, fans, and family!!!",122
122,@LirA_CG,0.5559,Mon Mar 26 01:19:38 +0000 2018,0.085,0.645,0.27,"First and foremost, I want to thank all of the fans and supporters of @ClutchGaming Although I don't feel like I pl… https://t.co/6SZWqROsTQ",123
123,@LirA_CG,0.0,Sun Mar 25 23:31:05 +0000 2018,0.0,1.0,0.0,@Nisqylol @CG_Apollo @CG_Hakuho Yeahhhhh,124
124,@LirA_CG,-0.1531,Sun Mar 25 23:30:38 +0000 2018,0.151,0.849,0.0,@DylanFalcoLoL @liaskitty @CG_Apollo @CG_Hakuho @CG_Pyrex @DLimLoL @CG_Febiven @CG_Solo I miss dylan,125
125,@LirA_CG,0.0,Wed Mar 07 08:07:10 +0000 2018,0.0,1.0,0.0,"week 8 and week 9 
2 more weeks left!! let's go get that W !!
#CGWIN @ClutchGaming https://t.co/fxcs3aaU0P",126
126,@LirA_CG,0.0,Sun Feb 25 07:58:38 +0000 2018,0.0,1.0,0.0,Let's go!! https://t.co/OtpxzyvcaW,127
127,@LirA_CG,0.6671,Sun Feb 18 03:50:21 +0000 2018,0.0,0.61,0.39,"half way!! let's finish strong !!! gg's  
#CGWIN",128
128,@LirA_CG,0.6239,Sun Feb 18 03:48:38 +0000 2018,0.0,0.823,0.177,RT @lolesports: .@ClutchGaming pick up the win against @FlyQuestSports and are now 5-4 halfway through the Split! #CGWIN #NALCS https://t.c…,129
129,@LirA_CG,0.4349,Sun Feb 18 03:48:33 +0000 2018,0.0,0.874,0.126,"RT @lolesports: The #NALCS standings halfway through Spring Split!

Tomorrow's broadcast kicks off 2 hours earlier, so make sure to tune in…",130
130,@LirA_CG,0.2695,Sun Feb 18 03:48:24 +0000 2018,0.0,0.828,0.172,RT @CG_Pyrex: ^^ very ki mo chi feeling !! #CGWIN https://t.co/lxD6CZehOB,131
131,@LirA_CG,0.9296,Fri Feb 16 08:09:18 +0000 2018,0.0,0.337,0.663,"Happy New Years everyone !! :) 
good luck this year!! https://t.co/kUJgRmrRxV",132
132,@LirA_CG,0.6996,Fri Feb 16 08:08:36 +0000 2018,0.0,0.721,0.279,"RT @ClutchGaming: Tag 4 friends who you will play @lolesports with this weekend! 

Here’s our squad? #CGWIN https://t.co/NyJG0ZQAH0",133
133,@LirA_CG,0.0,Mon Feb 12 06:51:59 +0000 2018,0.0,1.0,0.0,let's go!! week 5!! #CGWIN gg's!!,134
134,@LirA_CG,0.4588,Mon Feb 12 06:51:16 +0000 2018,0.0,0.625,0.375,RT @CG_Pyrex: #CGWIN 2-0 :) ??????,135
135,@LirA_CG,0.0,Wed Jan 17 20:51:21 +0000 2018,0.0,1.0,0.0,@Eidelweiss @lolesports ???? ~~ ^^,136
136,@LirA_CG,0.7482,Wed Jan 17 20:50:45 +0000 2018,0.0,0.796,0.204,"How are you guys? finally, it's spring!!  not too cold or hot 
best weather I think !!! 1st match starting this wee… https://t.co/UCVn8sEGfl",137
137,@LirA_CG,0.0,Wed Jan 17 20:48:25 +0000 2018,0.0,1.0,0.0,&lt;3 https://t.co/4LsHYSUxV0,138
138,@LirA_CG,0.5423,Thu Jan 11 05:46:52 +0000 2018,0.0,0.769,0.231,"RT @lolesports: 2018 #NALCS Spring Split - @ClutchGaming 

Top: @CG_Solo 
Jungle: @LirA_CG 
Mid: @CG_Febiven 
ADC: @CG_Apollo 
Support: @CG…",139
139,@LirA_CG,0.0,Sat Jan 06 23:11:35 +0000 2018,0.0,1.0,0.0,one thing .. i can`t meet more faker,140
140,@LirA_CG,-0.6428,Mon Apr 02 00:42:49 +0000 2018,0.221,0.699,0.08,Haa if we win today We were going to final match which I never been on final match before but sadly we lost today.… https://t.co/9nJqH8x2VX,141
141,@LirA_CG,0.5229,Mon Mar 26 01:19:52 +0000 2018,0.0,0.703,0.297,"In closing, thank you CG org, fans, and family!!!",142
142,@LirA_CG,0.5559,Mon Mar 26 01:19:38 +0000 2018,0.085,0.645,0.27,"First and foremost, I want to thank all of the fans and supporters of @ClutchGaming Although I don't feel like I pl… https://t.co/6SZWqROsTQ",143
143,@LirA_CG,0.0,Sun Mar 25 23:31:05 +0000 2018,0.0,1.0,0.0,@Nisqylol @CG_Apollo @CG_Hakuho Yeahhhhh,144
144,@LirA_CG,-0.1531,Sun Mar 25 23:30:38 +0000 2018,0.151,0.849,0.0,@DylanFalcoLoL @liaskitty @CG_Apollo @CG_Hakuho @CG_Pyrex @DLimLoL @CG_Febiven @CG_Solo I miss dylan,145
145,@LirA_CG,0.0,Wed Mar 07 08:07:10 +0000 2018,0.0,1.0,0.0,"week 8 and week 9 
2 more weeks left!! let's go get that W !!
#CGWIN @ClutchGaming https://t.co/fxcs3aaU0P",146
146,@LirA_CG,0.0,Sun Feb 25 07:58:38 +0000 2018,0.0,1.0,0.0,Let's go!! https://t.co/OtpxzyvcaW,147
147,@LirA_CG,0.6671,Sun Feb 18 03:50:21 +0000 2018,0.0,0.61,0.39,"half way!! let's finish strong !!! gg's  
#CGWIN",148
148,@LirA_CG,0.6239,Sun Feb 18 03:48:38 +0000 2018,0.0,0.823,0.177,RT @lolesports: .@ClutchGaming pick up the win against @FlyQuestSports and are now 5-4 halfway through the Split! #CGWIN #NALCS https://t.c…,149
149,@LirA_CG,0.4349,Sun Feb 18 03:48:33 +0000 2018,0.0,0.874,0.126,"RT @lolesports: The #NALCS standings halfway through Spring Split!

Tomorrow's broadcast kicks off 2 hours earlier, so make sure to tune in…",150
150,@LirA_CG,0.2695,Sun Feb 18 03:48:24 +0000 2018,0.0,0.828,0.172,RT @CG_Pyrex: ^^ very ki mo chi feeling !! #CGWIN https://t.co/lxD6CZehOB,151
151,@LirA_CG,0.9296,Fri Feb 16 08:09:18 +0000 2018,0.0,0.337,0.663,"Happy New Years everyone !! :) 
good luck this year!! https://t.co/kUJgRmrRxV",152
152,@LirA_CG,0.6996,Fri Feb 16 08:08:36 +0000 2018,0.0,0.721,0.279,"RT @ClutchGaming: Tag 4 friends who you will play @lolesports with this weekend! 

Here’s our squad? #CGWIN https://t.co/NyJG0ZQAH0",153
153,@LirA_CG,0.0,Mon Feb 12 06:51:59 +0000 2018,0.0,1.0,0.0,let's go!! week 5!! #CGWIN gg's!!,154
154,@LirA_CG,0.4588,Mon Feb 12 06:51:16 +0000 2018,0.0,0.625,0.375,RT @CG_Pyrex: #CGWIN 2-0 :) ??????,155
155,@LirA_CG,0.0,Wed Jan 17 20:51:21 +0000 2018,0.0,1.0,0.0,@Eidelweiss @lolesports ???? ~~ ^^,156
156,@LirA_CG,0.7482,Wed Jan 17 20:50:45 +0000 2018,0.0,0.796,0.204,"How are you guys? finally, it's spring!!  not too cold or hot 
best weather I think !!! 1st match starting this wee… https://t.co/UCVn8sEGfl",157
157,@LirA_CG,0.0,Wed Jan 17 20:48:25 +0000 2018,0.0,1.0,0.0,&lt;3 https://t.co/4LsHYSUxV0,158
158,@LirA_CG,0.5423,Thu Jan 11 05:46:52 +0000 2018,0.0,0.769,0.231,"RT @lolesports: 2018 #NALCS Spring Split - @ClutchGaming 

Top: @CG_Solo 
Jungle: @LirA_CG 
Mid: @CG_Febiven 
ADC: @CG_Apollo 
Support: @CG…",159
159,@LirA_CG,0.0,Sat Jan 06 23:11:35 +0000 2018,0.0,1.0,0.0,one thing .. i can`t meet more faker,160
160,@LirA_CG,-0.6428,Mon Apr 02 00:42:49 +0000 2018,0.221,0.699,0.08,Haa if we win today We were going to final match which I never been on final match before but sadly we lost today.… https://t.co/9nJqH8x2VX,161
161,@LirA_CG,0.5229,Mon Mar 26 01:19:52 +0000 2018,0.0,0.703,0.297,"In closing, thank you CG org, fans, and family!!!",162
162,@LirA_CG,0.5559,Mon Mar 26 01:19:38 +0000 2018,0.085,0.645,0.27,"First and foremost, I want to thank all of the fans and supporters of @ClutchGaming Although I don't feel like I pl… https://t.co/6SZWqROsTQ",163
163,@LirA_CG,0.0,Sun Mar 25 23:31:05 +0000 2018,0.0,1.0,0.0,@Nisqylol @CG_Apollo @CG_Hakuho Yeahhhhh,164
164,@LirA_CG,-0.1531,Sun Mar 25 23:30:38 +0000 2018,0.151,0.849,0.0,@DylanFalcoLoL @liaskitty @CG_Apollo @CG_Hakuho @CG_Pyrex @DLimLoL @CG_Febiven @CG_Solo I miss dylan,165
165,@LirA_CG,0.0,Wed Mar 07 08:07:10 +0000 2018,0.0,1.0,0.0,"week 8 and week 9 
2 more weeks left!! let's go get that W !!
#CGWIN @ClutchGaming https://t.co/fxcs3aaU0P",166
166,@LirA_CG,0.0,Sun Feb 25 07:58:38 +0000 2018,0.0,1.0,0.0,Let's go!! https://t.co/OtpxzyvcaW,167
167,@LirA_CG,0.6671,Sun Feb 18 03:50:21 +0000 2018,0.0,0.61,0.39,"half way!! let's finish strong !!! gg's  
#CGWIN",168
168,@LirA_CG,0.6239,Sun Feb 18 03:48:38 +0000 2018,0.0,0.823,0.177,RT @lolesports: .@ClutchGaming pick up the win against @FlyQuestSports and are now 5-4 halfway through the Split! #CGWIN #NALCS https://t.c…,169
169,@LirA_CG,0.4349,Sun Feb 18 03:48:33 +0000 2018,0.0,0.874,0.126,"RT @lolesports: The #NALCS standings halfway through Spring Split!

Tomorrow's broadcast kicks off 2 hours earlier, so make sure to tune in…",170
170,@LirA_CG,0.2695,Sun Feb 18 03:48:24 +0000 2018,0.0,0.828,0.172,RT @CG_Pyrex: ^^ very ki mo chi feeling !! #CGWIN https://t.co/lxD6CZehOB,171
171,@LirA_CG,0.9296,Fri Feb 16 08:09:18 +0000 2018,0.0,0.337,0.663,"Happy New Years everyone !! :) 
good luck this year!! https://t.co/kUJgRmrRxV",172
172,@LirA_CG,0.6996,Fri Feb 16 08:08:36 +0000 2018,0.0,0.721,0.279,"RT @ClutchGaming: Tag 4 friends who you will play @lolesports with this weekend! 

Here’s our squad? #CGWIN https://t.co/NyJG0ZQAH0",173
173,@LirA_CG,0.0,Mon Feb 12 06:51:59 +0000 2018,0.0,1.0,0.0,let's go!! week 5!! #CGWIN gg's!!,174
174,@LirA_CG,0.4588,Mon Feb 12 06:51:16 +0000 2018,0.0,0.625,0.375,RT @CG_Pyrex: #CGWIN 2-0 :) ??????,175
175,@LirA_CG,0.0,Wed Jan 17 20:51:21 +0000 2018,0.0,1.0,0.0,@Eidelweiss @lolesports ???? ~~ ^^,176
176,@LirA_CG,0.7482,Wed Jan 17 20:50:45 +0000 2018,0.0,0.796,0.204,"How are you guys? finally, it's spring!!  not too cold or hot 
best weather I think !!! 1st match starting this wee… https://t.co/UCVn8sEGfl",177
177,@LirA_CG,0.0,Wed Jan 17 20:48:25 +0000 2018,0.0,1.0,0.0,&lt;3 https://t.co/4LsHYSUxV0,178
178,@LirA_CG,0.5423,Thu Jan 11 05:46:52 +0000 2018,0.0,0.769,0.231,"RT @lolesports: 2018 #NALCS Spring Split - @ClutchGaming 

Top: @CG_Solo 
Jungle: @LirA_CG 
Mid: @CG_Febiven 
ADC: @CG_Apollo 
Support: @CG…",179
179,@LirA_CG,0.0,Sat Jan 06 23:11:35 +0000 2018,0.0,1.0,0.0,one thing .. i can`t meet more faker,180
180,@LirA_CG,-0.6428,Mon Apr 02 00:42:49 +0000 2018,0.221,0.699,0.08,Haa if we win today We were going to final match which I never been on final match before but sadly we lost today.… https://t.co/9nJqH8x2VX,181
181,@LirA_CG,0.5229,Mon Mar 26 01:19:52 +0000 2018,0.0,0.703,0.297,"In closing, thank you CG org, fans, and family!!!",182
182,@LirA_CG,0.5559,Mon Mar 26 01:19:38 +0000 2018,0.085,0.645,0.27,"First and foremost, I want to thank all of the fans and supporters of @ClutchGaming Although I don't feel like I pl… https://t.co/6SZWqROsTQ",183
183,@LirA_CG,0.0,Sun Mar 25 23:31:05 +0000 2018,0.0,1.0,0.0,@Nisqylol @CG_Apollo @CG_Hakuho Yeahhhhh,184
184,@LirA_CG,-0.1531,Sun Mar 25 23:30:38 +0000 2018,0.151,0.849,0.0,@DylanFalcoLoL @liaskitty @CG_Apollo @CG_Hakuho @CG_Pyrex @DLimLoL @CG_Febiven @CG_Solo I miss dylan,185
185,@LirA_CG,0.0,Wed Mar 07 08:07:10 +0000 2018,0.0,1.0,0.0,"week 8 and week 9 
2 more weeks left!! let's go get that W !!
#CGWIN @ClutchGaming https://t.co/fxcs3aaU0P",186
186,@LirA_CG,0.0,Sun Feb 25 07:58:38 +0000 2018,0.0,1.0,0.0,Let's go!! https://t.co/OtpxzyvcaW,187
187,@LirA_CG,0.6671,Sun Feb 18 03:50:21 +0000 2018,0.0,0.61,0.39,"half way!! let's finish strong !!! gg's  
#CGWIN",188
188,@LirA_CG,0.6239,Sun Feb 18 03:48:38 +0000 2018,0.0,0.823,0.177,RT @lolesports: .@ClutchGaming pick up the win against @FlyQuestSports and are now 5-4 halfway through the Split! #CGWIN #NALCS https://t.c…,189
189,@LirA_CG,0.4349,Sun Feb 18 03:48:33 +0000 2018,0.0,0.874,0.126,"RT @lolesports: The #NALCS standings halfway through Spring Split!

Tomorrow's broadcast kicks off 2 hours earlier, so make sure to tune in…",190
190,@LirA_CG,0.2695,Sun Feb 18 03:48:24 +0000 2018,0.0,0.828,0.172,RT @CG_Pyrex: ^^ very ki mo chi feeling !! #CGWIN https://t.co/lxD6CZehOB,191
191,@LirA_CG,0.9296,Fri Feb 16 08:09:18 +0000 2018,0.0,0.337,0.663,"Happy New Years everyone !! :) 
good luck this year!! https://t.co/kUJgRmrRxV",192
192,@LirA_CG,0.6996,Fri Feb 16 08:08:36 +0000 2018,0.0,0.721,0.279,"RT @ClutchGaming: Tag 4 friends who you will play @lolesports with this weekend! 

Here’s our squad? #CGWIN https://t.co/NyJG0ZQAH0",193
193,@LirA_CG,0.0,Mon Feb 12 06:51:59 +0000 2018,0.0,1.0,0.0,let's go!! week 5!! #CGWIN gg's!!,194
194,@LirA_CG,0.4588,Mon Feb 12 06:51:16 +0000 2018,0.0,0.625,0.375,RT @CG_Pyrex: #CGWIN 2-0 :) ??????,195
195,@LirA_CG,0.0,Wed Jan 17 20:51:21 +0000 2018,0.0,1.0,0.0,@Eidelweiss @lolesports ???? ~~ ^^,196
196,@LirA_CG,0.7482,Wed Jan 17 20:50:45 +0000 2018,0.0,0.796,0.204,"How are you guys? finally, it's spring!!  not too cold or hot 
best weather I think !!! 1st match starting this wee… https://t.co/UCVn8sEGfl",197
197,@LirA_CG,0.0,Wed Jan 17 20:48:25 +0000 2018,0.0,1.0,0.0,&lt;3 https://t.co/4LsHYSUxV0,198
198,@LirA_CG,0.5423,Thu Jan 11 05:46:52 +0000 2018,0.0,0.769,0.231,"RT @lolesports: 2018 #NALCS Spring Split - @ClutchGaming 

Top: @CG_Solo 
Jungle: @LirA_CG 
Mid: @CG_Febiven 
ADC: @CG_Apollo 
Support: @CG…",199
199,@LirA_CG,0.0,Sat Jan 06 23:11:35 +0000 2018,0.0,1.0,0.0,one thing .. i can`t meet more faker,200
200,@CG_Febiven,0.0,Mon Apr 16 13:34:44 +0000 2018,0.0,1.0,0.0,@DLimLoL Naa but when i see zis katelin,201
201,@CG_Febiven,-0.4648,Sun Apr 15 20:30:26 +0000 2018,0.431,0.569,0.0,@DLimLoL Its OFFICIALLY LOST HAHAHHA,202
202,@CG_Febiven,0.0,Fri Apr 13 17:49:20 +0000 2018,0.0,1.0,0.0,"RT @ClutchGaming: Take an inside look at our time in Miami.

Time to build off of the inaugural season for summer split! 
 
? https://t.co/…",203
203,@CG_Febiven,0.9589,Wed Apr 11 19:02:14 +0000 2018,0.0,0.485,0.515,RT @ClutchGaming: Thanks for your support in our inaugural split! RT for a chance to win this Clutch Gaming prize pack! Winner will be anno…,204
204,@CG_Febiven,0.0,Sun Apr 08 14:30:10 +0000 2018,0.0,1.0,0.0,@G2Jankos @Steeelb4ck Goodluck ma duud,205
205,@CG_Febiven,-0.1531,Sun Apr 08 13:58:10 +0000 2018,0.615,0.385,0.0,@Steeelb4ck Miss u,206
206,@CG_Febiven,0.0,Mon Apr 02 16:45:00 +0000 2018,0.0,1.0,0.0,"RT @ClutchGaming: ""You showed a lot of resilience, you guys showed a lot of fight."" 

@DLimLoL talked to the squad after last night's hard…",207
207,@CG_Febiven,0.0,Mon Apr 02 00:22:29 +0000 2018,0.0,1.0,0.0,Close i guess,208
208,@CG_Febiven,0.3612,Sun Apr 01 16:53:10 +0000 2018,0.0,0.615,0.385,@TreatzLoL looks like deilor's child,209
209,@CG_Febiven,0.5106,Sun Apr 01 16:52:30 +0000 2018,0.0,0.377,0.623,Game day :3,210
210,@CG_Febiven,0.0,Sun Apr 01 16:51:23 +0000 2018,0.0,1.0,0.0,"RT @ClutchGaming: ?? #AskCG

The squad have answered some of your questions! Get to know the team before today’s #NALCS semifinals.

? http…",211
211,@CG_Febiven,0.8225,Sat Mar 31 18:58:27 +0000 2018,0.193,0.071,0.736,@G2Jankos Enjoy free lose xD,212
212,@CG_Febiven,0.7645,Fri Mar 30 17:00:14 +0000 2018,0.0,0.378,0.622,"@JiizukeLoL @lolesports Congrats, you're very good",213
213,@CG_Febiven,0.0,Thu Mar 29 20:19:13 +0000 2018,0.0,1.0,0.0,@SebPark Real Sebastian Park ?,214
214,@CG_Febiven,0.4767,Tue Mar 27 15:26:49 +0000 2018,0.0,0.244,0.756,@Dardochlol Respect,215
215,@CG_Febiven,0.0,Tue Mar 27 15:23:33 +0000 2018,0.0,1.0,0.0,@Dardochlol What do you do so early?,216
216,@CG_Febiven,0.6361,Tue Mar 27 03:02:10 +0000 2018,0.0,0.193,0.807,So blessed,217
217,@CG_Febiven,0.3724,Mon Mar 26 01:21:59 +0000 2018,0.144,0.624,0.232,"RT @LirA_CG: First and foremost, I want to thank all of the fans and supporters of @ClutchGaming Although I don't feel like I played my bes…",218
218,@CG_Febiven,0.0,Mon Mar 26 01:13:37 +0000 2018,0.0,1.0,0.0,RT @ClutchGaming: Moving on! #CGWIN #NALCS https://t.co/bFLafwbfMo,219
219,@CG_Febiven,0.8172,Mon Mar 26 01:13:27 +0000 2018,0.0,0.516,0.484,"RT @HoustonRockets: Congrats on your first playoff win! 

#CGWIN ? https://t.co/4QnAr70cTq",220
220,@CG_Febiven,0.0,Mon Apr 16 13:34:44 +0000 2018,0.0,1.0,0.0,@DLimLoL Naa but when i see zis katelin,221
221,@CG_Febiven,-0.4648,Sun Apr 15 20:30:26 +0000 2018,0.431,0.569,0.0,@DLimLoL Its OFFICIALLY LOST HAHAHHA,222
222,@CG_Febiven,0.0,Fri Apr 13 17:49:20 +0000 2018,0.0,1.0,0.0,"RT @ClutchGaming: Take an inside look at our time in Miami.

Time to build off of the inaugural season for summer split! 
 
? https://t.co/…",223
223,@CG_Febiven,0.9589,Wed Apr 11 19:02:14 +0000 2018,0.0,0.485,0.515,RT @ClutchGaming: Thanks for your support in our inaugural split! RT for a chance to win this Clutch Gaming prize pack! Winner will be anno…,224
224,@CG_Febiven,0.0,Sun Apr 08 14:30:10 +0000 2018,0.0,1.0,0.0,@G2Jankos @Steeelb4ck Goodluck ma duud,225
225,@CG_Febiven,-0.1531,Sun Apr 08 13:58:10 +0000 2018,0.615,0.385,0.0,@Steeelb4ck Miss u,226
226,@CG_Febiven,0.0,Mon Apr 02 16:45:00 +0000 2018,0.0,1.0,0.0,"RT @ClutchGaming: ""You showed a lot of resilience, you guys showed a lot of fight."" 

@DLimLoL talked to the squad after last night's hard…",227
227,@CG_Febiven,0.0,Mon Apr 02 00:22:29 +0000 2018,0.0,1.0,0.0,Close i guess,228
228,@CG_Febiven,0.3612,Sun Apr 01 16:53:10 +0000 2018,0.0,0.615,0.385,@TreatzLoL looks like deilor's child,229
229,@CG_Febiven,0.5106,Sun Apr 01 16:52:30 +0000 2018,0.0,0.377,0.623,Game day :3,230
230,@CG_Febiven,0.0,Sun Apr 01 16:51:23 +0000 2018,0.0,1.0,0.0,"RT @ClutchGaming: ?? #AskCG

The squad have answered some of your questions! Get to know the team before today’s #NALCS semifinals.

? http…",231
231,@CG_Febiven,0.8225,Sat Mar 31 18:58:27 +0000 2018,0.193,0.071,0.736,@G2Jankos Enjoy free lose xD,232
232,@CG_Febiven,0.7645,Fri Mar 30 17:00:14 +0000 2018,0.0,0.378,0.622,"@JiizukeLoL @lolesports Congrats, you're very good",233
233,@CG_Febiven,0.0,Thu Mar 29 20:19:13 +0000 2018,0.0,1.0,0.0,@SebPark Real Sebastian Park ?,234
234,@CG_Febiven,0.4767,Tue Mar 27 15:26:49 +0000 2018,0.0,0.244,0.756,@Dardochlol Respect,235
235,@CG_Febiven,0.0,Tue Mar 27 15:23:33 +0000 2018,0.0,1.0,0.0,@Dardochlol What do you do so early?,236
236,@CG_Febiven,0.6361,Tue Mar 27 03:02:10 +0000 2018,0.0,0.193,0.807,So blessed,237
237,@CG_Febiven,0.3724,Mon Mar 26 01:21:59 +0000 2018,0.144,0.624,0.232,"RT @LirA_CG: First and foremost, I want to thank all of the fans and supporters of @ClutchGaming Although I don't feel like I played my bes…",238
238,@CG_Febiven,0.0,Mon Mar 26 01:13:37 +0000 2018,0.0,1.0,0.0,RT @ClutchGaming: Moving on! #CGWIN #NALCS https://t.co/bFLafwbfMo,239
239,@CG_Febiven,0.8172,Mon Mar 26 01:13:27 +0000 2018,0.0,0.516,0.484,"RT @HoustonRockets: Congrats on your first playoff win! 

#CGWIN ? https://t.co/4QnAr70cTq",240
240,@CG_Febiven,0.0,Mon Apr 16 13:34:44 +0000 2018,0.0,1.0,0.0,@DLimLoL Naa but when i see zis katelin,241
241,@CG_Febiven,-0.4648,Sun Apr 15 20:30:26 +0000 2018,0.431,0.569,0.0,@DLimLoL Its OFFICIALLY LOST HAHAHHA,242
242,@CG_Febiven,0.0,Fri Apr 13 17:49:20 +0000 2018,0.0,1.0,0.0,"RT @ClutchGaming: Take an inside look at our time in Miami.

Time to build off of the inaugural season for summer split! 
 
? https://t.co/…",243
243,@CG_Febiven,0.9589,Wed Apr 11 19:02:14 +0000 2018,0.0,0.485,0.515,RT @ClutchGaming: Thanks for your support in our inaugural split! RT for a chance to win this Clutch Gaming prize pack! Winner will be anno…,244
244,@CG_Febiven,0.0,Sun Apr 08 14:30:10 +0000 2018,0.0,1.0,0.0,@G2Jankos @Steeelb4ck Goodluck ma duud,245
245,@CG_Febiven,-0.1531,Sun Apr 08 13:58:10 +0000 2018,0.615,0.385,0.0,@Steeelb4ck Miss u,246
246,@CG_Febiven,0.0,Mon Apr 02 16:45:00 +0000 2018,0.0,1.0,0.0,"RT @ClutchGaming: ""You showed a lot of resilience, you guys showed a lot of fight."" 

@DLimLoL talked to the squad after last night's hard…",247
247,@CG_Febiven,0.0,Mon Apr 02 00:22:29 +0000 2018,0.0,1.0,0.0,Close i guess,248
248,@CG_Febiven,0.3612,Sun Apr 01 16:53:10 +0000 2018,0.0,0.615,0.385,@TreatzLoL looks like deilor's child,249
249,@CG_Febiven,0.5106,Sun Apr 01 16:52:30 +0000 2018,0.0,0.377,0.623,Game day :3,250
250,@CG_Febiven,0.0,Sun Apr 01 16:51:23 +0000 2018,0.0,1.0,0.0,"RT @ClutchGaming: ?? #AskCG

The squad have answered some of your questions! Get to know the team before today’s #NALCS semifinals.

? http…",251
251,@CG_Febiven,0.8225,Sat Mar 31 18:58:27 +0000 2018,0.193,0.071,0.736,@G2Jankos Enjoy free lose xD,252
252,@CG_Febiven,0.7645,Fri Mar 30 17:00:14 +0000 2018,0.0,0.378,0.622,"@JiizukeLoL @lolesports Congrats, you're very good",253
253,@CG_Febiven,0.0,Thu Mar 29 20:19:13 +0000 2018,0.0,1.0,0.0,@SebPark Real Sebastian Park ?,254
254,@CG_Febiven,0.4767,Tue Mar 27 15:26:49 +0000 2018,0.0,0.244,0.756,@Dardochlol Respect,255
255,@CG_Febiven,0.0,Tue Mar 27 15:23:33 +0000 2018,0.0,1.0,0.0,@Dardochlol What do you do so early?,256
256,@CG_Febiven,0.6361,Tue Mar 27 03:02:10 +0000 2018,0.0,0.193,0.807,So blessed,257
257,@CG_Febiven,0.3724,Mon Mar 26 01:21:59 +0000 2018,0.144,0.624,0.232,"RT @LirA_CG: First and foremost, I want to thank all of the fans and supporters of @ClutchGaming Although I don't feel like I played my bes…",258
258,@CG_Febiven,0.0,Mon Mar 26 01:13:37 +0000 2018,0.0,1.0,0.0,RT @ClutchGaming: Moving on! #CGWIN #NALCS https://t.co/bFLafwbfMo,259
259,@CG_Febiven,0.8172,Mon Mar 26 01:13:27 +0000 2018,0.0,0.516,0.484,"RT @HoustonRockets: Congrats on your first playoff win! 

#CGWIN ? https://t.co/4QnAr70cTq",260
260,@CG_Febiven,0.0,Mon Apr 16 13:34:44 +0000 2018,0.0,1.0,0.0,@DLimLoL Naa but when i see zis katelin,261
261,@CG_Febiven,-0.4648,Sun Apr 15 20:30:26 +0000 2018,0.431,0.569,0.0,@DLimLoL Its OFFICIALLY LOST HAHAHHA,262
262,@CG_Febiven,0.0,Fri Apr 13 17:49:20 +0000 2018,0.0,1.0,0.0,"RT @ClutchGaming: Take an inside look at our time in Miami.

Time to build off of the inaugural season for summer split! 
 
? https://t.co/…",263
263,@CG_Febiven,0.9589,Wed Apr 11 19:02:14 +0000 2018,0.0,0.485,0.515,RT @ClutchGaming: Thanks for your support in our inaugural split! RT for a chance to win this Clutch Gaming prize pack! Winner will be anno…,264
264,@CG_Febiven,0.0,Sun Apr 08 14:30:10 +0000 2018,0.0,1.0,0.0,@G2Jankos @Steeelb4ck Goodluck ma duud,265
265,@CG_Febiven,-0.1531,Sun Apr 08 13:58:10 +0000 2018,0.615,0.385,0.0,@Steeelb4ck Miss u,266
266,@CG_Febiven,0.0,Mon Apr 02 16:45:00 +0000 2018,0.0,1.0,0.0,"RT @ClutchGaming: ""You showed a lot of resilience, you guys showed a lot of fight."" 

@DLimLoL talked to the squad after last night's hard…",267
267,@CG_Febiven,0.0,Mon Apr 02 00:22:29 +0000 2018,0.0,1.0,0.0,Close i guess,268
268,@CG_Febiven,0.3612,Sun Apr 01 16:53:10 +0000 2018,0.0,0.615,0.385,@TreatzLoL looks like deilor's child,269
269,@CG_Febiven,0.5106,Sun Apr 01 16:52:30 +0000 2018,0.0,0.377,0.623,Game day :3,270
270,@CG_Febiven,0.0,Sun Apr 01 16:51:23 +0000 2018,0.0,1.0,0.0,"RT @ClutchGaming: ?? #AskCG

The squad have answered some of your questions! Get to know the team before today’s #NALCS semifinals.

? http…",271
271,@CG_Febiven,0.8225,Sat Mar 31 18:58:27 +0000 2018,0.193,0.071,0.736,@G2Jankos Enjoy free lose xD,272
272,@CG_Febiven,0.7645,Fri Mar 30 17:00:14 +0000 2018,0.0,0.378,0.622,"@JiizukeLoL @lolesports Congrats, you're very good",273
273,@CG_Febiven,0.0,Thu Mar 29 20:19:13 +0000 2018,0.0,1.0,0.0,@SebPark Real Sebastian Park ?,274
274,@CG_Febiven,0.4767,Tue Mar 27 15:26:49 +0000 2018,0.0,0.244,0.756,@Dardochlol Respect,275
275,@CG_Febiven,0.0,Tue Mar 27 15:23:33 +0000 2018,0.0,1.0,0.0,@Dardochlol What do you do so early?,276
276,@CG_Febiven,0.6361,Tue Mar 27 03:02:10 +0000 2018,0.0,0.193,0.807,So blessed,277
277,@CG_Febiven,0.3724,Mon Mar 26 01:21:59 +0000 2018,0.144,0.624,0.232,"RT @LirA_CG: First and foremost, I want to thank all of the fans and supporters of @ClutchGaming Although I don't feel like I played my bes…",278
278,@CG_Febiven,0.0,Mon Mar 26 01:13:37 +0000 2018,0.0,1.0,0.0,RT @ClutchGaming: Moving on! #CGWIN #NALCS https://t.co/bFLafwbfMo,279
279,@CG_Febiven,0.8172,Mon Mar 26 01:13:27 +0000 2018,0.0,0.516,0.484,"RT @HoustonRockets: Congrats on your first playoff win! 

#CGWIN ? https://t.co/4QnAr70cTq",280
280,@CG_Febiven,0.0,Mon Apr 16 13:34:44 +0000 2018,0.0,1.0,0.0,@DLimLoL Naa but when i see zis katelin,281
281,@CG_Febiven,-0.4648,Sun Apr 15 20:30:26 +0000 2018,0.431,0.569,0.0,@DLimLoL Its OFFICIALLY LOST HAHAHHA,282
282,@CG_Febiven,0.0,Fri Apr 13 17:49:20 +0000 2018,0.0,1.0,0.0,"RT @ClutchGaming: Take an inside look at our time in Miami.

Time to build off of the inaugural season for summer split! 
 
? https://t.co/…",283
283,@CG_Febiven,0.9589,Wed Apr 11 19:02:14 +0000 2018,0.0,0.485,0.515,RT @ClutchGaming: Thanks for your support in our inaugural split! RT for a chance to win this Clutch Gaming prize pack! Winner will be anno…,284
284,@CG_Febiven,0.0,Sun Apr 08 14:30:10 +0000 2018,0.0,1.0,0.0,@G2Jankos @Steeelb4ck Goodluck ma duud,285
285,@CG_Febiven,-0.1531,Sun Apr 08 13:58:10 +0000 2018,0.615,0.385,0.0,@Steeelb4ck Miss u,286
286,@CG_Febiven,0.0,Mon Apr 02 16:45:00 +0000 2018,0.0,1.0,0.0,"RT @ClutchGaming: ""You showed a lot of resilience, you guys showed a lot of fight."" 

@DLimLoL talked to the squad after last night's hard…",287
287,@CG_Febiven,0.0,Mon Apr 02 00:22:29 +0000 2018,0.0,1.0,0.0,Close i guess,288
288,@CG_Febiven,0.3612,Sun Apr 01 16:53:10 +0000 2018,0.0,0.615,0.385,@TreatzLoL looks like deilor's child,289
289,@CG_Febiven,0.5106,Sun Apr 01 16:52:30 +0000 2018,0.0,0.377,0.623,Game day :3,290
290,@CG_Febiven,0.0,Sun Apr 01 16:51:23 +0000 2018,0.0,1.0,0.0,"RT @ClutchGaming: ?? #AskCG

The squad have answered some of your questions! Get to know the team before today’s #NALCS semifinals.

? http…",291
291,@CG_Febiven,0.8225,Sat Mar 31 18:58:27 +0000 2018,0.193,0.071,0.736,@G2Jankos Enjoy free lose xD,292
292,@CG_Febiven,0.7645,Fri Mar 30 17:00:14 +0000 2018,0.0,0.378,0.622,"@JiizukeLoL @lolesports Congrats, you're very good",293
293,@CG_Febiven,0.0,Thu Mar 29 20:19:13 +0000 2018,0.0,1.0,0.0,@SebPark Real Sebastian Park ?,294
294,@CG_Febiven,0.4767,Tue Mar 27 15:26:49 +0000 2018,0.0,0.244,0.756,@Dardochlol Respect,295
295,@CG_Febiven,0.0,Tue Mar 27 15:23:33 +0000 2018,0.0,1.0,0.0,@Dardochlol What do you do so early?,296
296,@CG_Febiven,0.6361,Tue Mar 27 03:02:10 +0000 2018,0.0,0.193,0.807,So blessed,297
297,@CG_Febiven,0.3724,Mon Mar 26 01:21:59 +0000 2018,0.144,0.624,0.232,"RT @LirA_CG: First and foremost, I want to thank all of the fans and supporters of @ClutchGaming Although I don't feel like I played my bes…",298
298,@CG_Febiven,0.0,Mon Mar 26 01:13:37 +0000 2018,0.0,1.0,0.0,RT @ClutchGaming: Moving on! #CGWIN #NALCS https://t.co/bFLafwbfMo,299
299,@CG_Febiven,0.8172,Mon Mar 26 01:13:27 +0000 2018,0.0,0.516,0.484,"RT @HoustonRockets: Congrats on your first playoff win! 

#CGWIN ? https://t.co/4QnAr70cTq",300
300,@CG_Hakuho,0.0,Wed Apr 18 01:55:20 +0000 2018,0.0,1.0,0.0,How will Janna mains ever recover? https://t.co/hZeRxGR3Or,301
301,@CG_Hakuho,-0.5574,Sat Apr 14 10:05:44 +0000 2018,0.545,0.455,0.0,tank wars meta PogChamp,302
302,@CG_Hakuho,0.5478,Wed Apr 11 21:02:13 +0000 2018,0.093,0.687,0.221,"This league anime is looking pretty good so far, introducing a trap character on the C9 squad really adds a lot to the plot",303
303,@CG_Hakuho,0.7999,Tue Apr 10 06:17:28 +0000 2018,0.0,0.7,0.3,Had a fun time in Miami despite our series loss; as a team i think it was a good run for our first split together.… https://t.co/imSKR6adGE,304
304,@CG_Hakuho,0.7783,Mon Apr 02 00:29:53 +0000 2018,0.0,0.536,0.464,"Didnt play as well as i should have, was a fun series at least.",305
305,@CG_Hakuho,0.5719,Sun Mar 25 23:48:04 +0000 2018,0.0,0.448,0.552,anime always wins @scarra,306
306,@CG_Hakuho,0.0,Sun Mar 25 23:01:46 +0000 2018,0.0,1.0,0.0,@MattAkhavan  https://t.co/iedmkXsz0q,307
307,@CG_Hakuho,0.0,Sun Mar 25 22:54:28 +0000 2018,0.0,1.0,0.0,We actually did it,308
308,@CG_Hakuho,-0.34,Thu Mar 22 23:50:40 +0000 2018,0.467,0.222,0.311,@Cakelolxd nice duo abuse,309
309,@CG_Hakuho,0.6369,Mon Mar 19 05:16:38 +0000 2018,0.0,0.704,0.296,"Didnt show our best today, gonna try a lot harder for playoffs",310
310,@CG_Hakuho,0.34,Sun Mar 18 21:43:33 +0000 2018,0.0,0.556,0.444,Play for the tie,311
311,@CG_Hakuho,0.3182,Tue Mar 13 19:58:28 +0000 2018,0.0,0.753,0.247,@BasedYoona @lolesports @ClutchGaming i pressed q please subscribe and donate,312
312,@CG_Hakuho,0.7351,Sat Mar 10 22:56:30 +0000 2018,0.0,0.392,0.608,"Fun game, good day of fishing",313
313,@CG_Hakuho,-0.8555,Tue Mar 06 02:37:56 +0000 2018,0.627,0.373,0.0,@OvileeMay people die if they are killed,314
314,@CG_Hakuho,0.4574,Mon Mar 05 02:41:50 +0000 2018,0.0,0.401,0.599,Secured playoffs! https://t.co/7uQYhz7qnj,315
315,@CG_Hakuho,0.0,Wed Feb 28 03:13:21 +0000 2018,0.0,1.0,0.0,@TravisGafford @Lourlo I 2nd this https://t.co/TAiZL7DgeM,316
316,@CG_Hakuho,0.0,Mon Feb 26 20:03:44 +0000 2018,0.0,1.0,0.0,FeelsBirthdayMan,317
317,@CG_Hakuho,0.0,Sun Feb 25 01:09:43 +0000 2018,0.0,1.0,0.0,@Shakarez team 7,318
318,@CG_Hakuho,0.0,Sun Feb 25 01:02:16 +0000 2018,0.0,1.0,0.0,@bloat_y weebs dont get interviews,319
319,@CG_Hakuho,0.296,Sun Feb 25 00:15:27 +0000 2018,0.25,0.385,0.365,Taric + Sion = press r to win fight,320
320,@CG_Hakuho,0.0,Wed Apr 18 01:55:20 +0000 2018,0.0,1.0,0.0,How will Janna mains ever recover? https://t.co/hZeRxGR3Or,321
321,@CG_Hakuho,-0.5574,Sat Apr 14 10:05:44 +0000 2018,0.545,0.455,0.0,tank wars meta PogChamp,322
322,@CG_Hakuho,0.5478,Wed Apr 11 21:02:13 +0000 2018,0.093,0.687,0.221,"This league anime is looking pretty good so far, introducing a trap character on the C9 squad really adds a lot to the plot",323
323,@CG_Hakuho,0.7999,Tue Apr 10 06:17:28 +0000 2018,0.0,0.7,0.3,Had a fun time in Miami despite our series loss; as a team i think it was a good run for our first split together.… https://t.co/imSKR6adGE,324
324,@CG_Hakuho,0.7783,Mon Apr 02 00:29:53 +0000 2018,0.0,0.536,0.464,"Didnt play as well as i should have, was a fun series at least.",325
325,@CG_Hakuho,0.5719,Sun Mar 25 23:48:04 +0000 2018,0.0,0.448,0.552,anime always wins @scarra,326
326,@CG_Hakuho,0.0,Sun Mar 25 23:01:46 +0000 2018,0.0,1.0,0.0,@MattAkhavan  https://t.co/iedmkXsz0q,327
327,@CG_Hakuho,0.0,Sun Mar 25 22:54:28 +0000 2018,0.0,1.0,0.0,We actually did it,328
328,@CG_Hakuho,-0.34,Thu Mar 22 23:50:40 +0000 2018,0.467,0.222,0.311,@Cakelolxd nice duo abuse,329
329,@CG_Hakuho,0.6369,Mon Mar 19 05:16:38 +0000 2018,0.0,0.704,0.296,"Didnt show our best today, gonna try a lot harder for playoffs",330
330,@CG_Hakuho,0.34,Sun Mar 18 21:43:33 +0000 2018,0.0,0.556,0.444,Play for the tie,331
331,@CG_Hakuho,0.3182,Tue Mar 13 19:58:28 +0000 2018,0.0,0.753,0.247,@BasedYoona @lolesports @ClutchGaming i pressed q please subscribe and donate,332
332,@CG_Hakuho,0.7351,Sat Mar 10 22:56:30 +0000 2018,0.0,0.392,0.608,"Fun game, good day of fishing",333
333,@CG_Hakuho,-0.8555,Tue Mar 06 02:37:56 +0000 2018,0.627,0.373,0.0,@OvileeMay people die if they are killed,334
334,@CG_Hakuho,0.4574,Mon Mar 05 02:41:50 +0000 2018,0.0,0.401,0.599,Secured playoffs! https://t.co/7uQYhz7qnj,335
335,@CG_Hakuho,0.0,Wed Feb 28 03:13:21 +0000 2018,0.0,1.0,0.0,@TravisGafford @Lourlo I 2nd this https://t.co/TAiZL7DgeM,336
336,@CG_Hakuho,0.0,Mon Feb 26 20:03:44 +0000 2018,0.0,1.0,0.0,FeelsBirthdayMan,337
337,@CG_Hakuho,0.0,Sun Feb 25 01:09:43 +0000 2018,0.0,1.0,0.0,@Shakarez team 7,338
338,@CG_Hakuho,0.0,Sun Feb 25 01:02:16 +0000 2018,0.0,1.0,0.0,@bloat_y weebs dont get interviews,339
339,@CG_Hakuho,0.296,Sun Feb 25 00:15:27 +0000 2018,0.25,0.385,0.365,Taric + Sion = press r to win fight,340
340,@CG_Hakuho,0.0,Wed Apr 18 01:55:20 +0000 2018,0.0,1.0,0.0,How will Janna mains ever recover? https://t.co/hZeRxGR3Or,341
341,@CG_Hakuho,-0.5574,Sat Apr 14 10:05:44 +0000 2018,0.545,0.455,0.0,tank wars meta PogChamp,342
342,@CG_Hakuho,0.5478,Wed Apr 11 21:02:13 +0000 2018,0.093,0.687,0.221,"This league anime is looking pretty good so far, introducing a trap character on the C9 squad really adds a lot to the plot",343
343,@CG_Hakuho,0.7999,Tue Apr 10 06:17:28 +0000 2018,0.0,0.7,0.3,Had a fun time in Miami despite our series loss; as a team i think it was a good run for our first split together.… https://t.co/imSKR6adGE,344
344,@CG_Hakuho,0.7783,Mon Apr 02 00:29:53 +0000 2018,0.0,0.536,0.464,"Didnt play as well as i should have, was a fun series at least.",345
345,@CG_Hakuho,0.5719,Sun Mar 25 23:48:04 +0000 2018,0.0,0.448,0.552,anime always wins @scarra,346
346,@CG_Hakuho,0.0,Sun Mar 25 23:01:46 +0000 2018,0.0,1.0,0.0,@MattAkhavan  https://t.co/iedmkXsz0q,347
347,@CG_Hakuho,0.0,Sun Mar 25 22:54:28 +0000 2018,0.0,1.0,0.0,We actually did it,348
348,@CG_Hakuho,-0.34,Thu Mar 22 23:50:40 +0000 2018,0.467,0.222,0.311,@Cakelolxd nice duo abuse,349
349,@CG_Hakuho,0.6369,Mon Mar 19 05:16:38 +0000 2018,0.0,0.704,0.296,"Didnt show our best today, gonna try a lot harder for playoffs",350
350,@CG_Hakuho,0.34,Sun Mar 18 21:43:33 +0000 2018,0.0,0.556,0.444,Play for the tie,351
351,@CG_Hakuho,0.3182,Tue Mar 13 19:58:28 +0000 2018,0.0,0.753,0.247,@BasedYoona @lolesports @ClutchGaming i pressed q please subscribe and donate,352
352,@CG_Hakuho,0.7351,Sat Mar 10 22:56:30 +0000 2018,0.0,0.392,0.608,"Fun game, good day of fishing",353
353,@CG_Hakuho,-0.8555,Tue Mar 06 02:37:56 +0000 2018,0.627,0.373,0.0,@OvileeMay people die if they are killed,354
354,@CG_Hakuho,0.4574,Mon Mar 05 02:41:50 +0000 2018,0.0,0.401,0.599,Secured playoffs! https://t.co/7uQYhz7qnj,355
355,@CG_Hakuho,0.0,Wed Feb 28 03:13:21 +0000 2018,0.0,1.0,0.0,@TravisGafford @Lourlo I 2nd this https://t.co/TAiZL7DgeM,356
356,@CG_Hakuho,0.0,Mon Feb 26 20:03:44 +0000 2018,0.0,1.0,0.0,FeelsBirthdayMan,357
357,@CG_Hakuho,0.0,Sun Feb 25 01:09:43 +0000 2018,0.0,1.0,0.0,@Shakarez team 7,358
358,@CG_Hakuho,0.0,Sun Feb 25 01:02:16 +0000 2018,0.0,1.0,0.0,@bloat_y weebs dont get interviews,359
359,@CG_Hakuho,0.296,Sun Feb 25 00:15:27 +0000 2018,0.25,0.385,0.365,Taric + Sion = press r to win fight,360
360,@CG_Hakuho,0.0,Wed Apr 18 01:55:20 +0000 2018,0.0,1.0,0.0,How will Janna mains ever recover? https://t.co/hZeRxGR3Or,361
361,@CG_Hakuho,-0.5574,Sat Apr 14 10:05:44 +0000 2018,0.545,0.455,0.0,tank wars meta PogChamp,362
362,@CG_Hakuho,0.5478,Wed Apr 11 21:02:13 +0000 2018,0.093,0.687,0.221,"This league anime is looking pretty good so far, introducing a trap character on the C9 squad really adds a lot to the plot",363
363,@CG_Hakuho,0.7999,Tue Apr 10 06:17:28 +0000 2018,0.0,0.7,0.3,Had a fun time in Miami despite our series loss; as a team i think it was a good run for our first split together.… https://t.co/imSKR6adGE,364
364,@CG_Hakuho,0.7783,Mon Apr 02 00:29:53 +0000 2018,0.0,0.536,0.464,"Didnt play as well as i should have, was a fun series at least.",365
365,@CG_Hakuho,0.5719,Sun Mar 25 23:48:04 +0000 2018,0.0,0.448,0.552,anime always wins @scarra,366
366,@CG_Hakuho,0.0,Sun Mar 25 23:01:46 +0000 2018,0.0,1.0,0.0,@MattAkhavan  https://t.co/iedmkXsz0q,367
367,@CG_Hakuho,0.0,Sun Mar 25 22:54:28 +0000 2018,0.0,1.0,0.0,We actually did it,368
368,@CG_Hakuho,-0.34,Thu Mar 22 23:50:40 +0000 2018,0.467,0.222,0.311,@Cakelolxd nice duo abuse,369
369,@CG_Hakuho,0.6369,Mon Mar 19 05:16:38 +0000 2018,0.0,0.704,0.296,"Didnt show our best today, gonna try a lot harder for playoffs",370
370,@CG_Hakuho,0.34,Sun Mar 18 21:43:33 +0000 2018,0.0,0.556,0.444,Play for the tie,371
371,@CG_Hakuho,0.3182,Tue Mar 13 19:58:28 +0000 2018,0.0,0.753,0.247,@BasedYoona @lolesports @ClutchGaming i pressed q please subscribe and donate,372
372,@CG_Hakuho,0.7351,Sat Mar 10 22:56:30 +0000 2018,0.0,0.392,0.608,"Fun game, good day of fishing",373
373,@CG_Hakuho,-0.8555,Tue Mar 06 02:37:56 +0000 2018,0.627,0.373,0.0,@OvileeMay people die if they are killed,374
374,@CG_Hakuho,0.4574,Mon Mar 05 02:41:50 +0000 2018,0.0,0.401,0.599,Secured playoffs! https://t.co/7uQYhz7qnj,375
375,@CG_Hakuho,0.0,Wed Feb 28 03:13:21 +0000 2018,0.0,1.0,0.0,@TravisGafford @Lourlo I 2nd this https://t.co/TAiZL7DgeM,376
376,@CG_Hakuho,0.0,Mon Feb 26 20:03:44 +0000 2018,0.0,1.0,0.0,FeelsBirthdayMan,377
377,@CG_Hakuho,0.0,Sun Feb 25 01:09:43 +0000 2018,0.0,1.0,0.0,@Shakarez team 7,378
378,@CG_Hakuho,0.0,Sun Feb 25 01:02:16 +0000 2018,0.0,1.0,0.0,@bloat_y weebs dont get interviews,379
379,@CG_Hakuho,0.296,Sun Feb 25 00:15:27 +0000 2018,0.25,0.385,0.365,Taric + Sion = press r to win fight,380
380,@CG_Hakuho,0.0,Wed Apr 18 01:55:20 +0000 2018,0.0,1.0,0.0,How will Janna mains ever recover? https://t.co/hZeRxGR3Or,381
381,@CG_Hakuho,-0.5574,Sat Apr 14 10:05:44 +0000 2018,0.545,0.455,0.0,tank wars meta PogChamp,382
382,@CG_Hakuho,0.5478,Wed Apr 11 21:02:13 +0000 2018,0.093,0.687,0.221,"This league anime is looking pretty good so far, introducing a trap character on the C9 squad really adds a lot to the plot",383
383,@CG_Hakuho,0.7999,Tue Apr 10 06:17:28 +0000 2018,0.0,0.7,0.3,Had a fun time in Miami despite our series loss; as a team i think it was a good run for our first split together.… https://t.co/imSKR6adGE,384
384,@CG_Hakuho,0.7783,Mon Apr 02 00:29:53 +0000 2018,0.0,0.536,0.464,"Didnt play as well as i should have, was a fun series at least.",385
385,@CG_Hakuho,0.5719,Sun Mar 25 23:48:04 +0000 2018,0.0,0.448,0.552,anime always wins @scarra,386
386,@CG_Hakuho,0.0,Sun Mar 25 23:01:46 +0000 2018,0.0,1.0,0.0,@MattAkhavan  https://t.co/iedmkXsz0q,387
387,@CG_Hakuho,0.0,Sun Mar 25 22:54:28 +0000 2018,0.0,1.0,0.0,We actually did it,388
388,@CG_Hakuho,-0.34,Thu Mar 22 23:50:40 +0000 2018,0.467,0.222,0.311,@Cakelolxd nice duo abuse,389
389,@CG_Hakuho,0.6369,Mon Mar 19 05:16:38 +0000 2018,0.0,0.704,0.296,"Didnt show our best today, gonna try a lot harder for playoffs",390
390,@CG_Hakuho,0.34,Sun Mar 18 21:43:33 +0000 2018,0.0,0.556,0.444,Play for the tie,391
391,@CG_Hakuho,0.3182,Tue Mar 13 19:58:28 +0000 2018,0.0,0.753,0.247,@BasedYoona @lolesports @ClutchGaming i pressed q please subscribe and donate,392
392,@CG_Hakuho,0.7351,Sat Mar 10 22:56:30 +0000 2018,0.0,0.392,0.608,"Fun game, good day of fishing",393
393,@CG_Hakuho,-0.8555,Tue Mar 06 02:37:56 +0000 2018,0.627,0.373,0.0,@OvileeMay people die if they are killed,394
394,@CG_Hakuho,0.4574,Mon Mar 05 02:41:50 +0000 2018,0.0,0.401,0.599,Secured playoffs! https://t.co/7uQYhz7qnj,395
395,@CG_Hakuho,0.0,Wed Feb 28 03:13:21 +0000 2018,0.0,1.0,0.0,@TravisGafford @Lourlo I 2nd this https://t.co/TAiZL7DgeM,396
396,@CG_Hakuho,0.0,Mon Feb 26 20:03:44 +0000 2018,0.0,1.0,0.0,FeelsBirthdayMan,397
397,@CG_Hakuho,0.0,Sun Feb 25 01:09:43 +0000 2018,0.0,1.0,0.0,@Shakarez team 7,398
398,@CG_Hakuho,0.0,Sun Feb 25 01:02:16 +0000 2018,0.0,1.0,0.0,@bloat_y weebs dont get interviews,399
399,@CG_Hakuho,0.296,Sun Feb 25 00:15:27 +0000 2018,0.25,0.385,0.365,Taric + Sion = press r to win fight,400
